Waypoint,TreeID,X_coord,Y_coord,Date,D60 ,Point1,Point2,Point3,Point4,Point5,Aspect,Coppice,Pix.mm,Notes
KRQULA001,QULA001,-99.40227,30.0648,5/23/2026,25,13.78,10.65,9.57,14.22,14.63,,,11.811,
KRQULA002,QULA002,-99.40228,30.06473,5/23/2026,29,9.23,10.36,9.9,11.24,9.52,,,11.811,
KRQUFU001,QUFU001,-99.40887,30.06423,5/24/2026,24,6.97,16.26,15.67,18.43,13.01,,,11.811,
KRQUFU002,QUFU002,-99.40916,30.06416,5/24/2026,47,13.56,20.19,24.92,19.02,22.49,,,11.811,
KRQULA003,QULA003,-99.40855,30.06486,5/24/2026,30,14.68,14.77,11,18.63,18.44,,,11.811,
KRQULA007,QULA007,-99.40475,30.06257,6/10/2026,36.5,12.46,9.56,15.32,8.06,12.31,342N,,11.811,
KRQUBU2016,QUBU2016,-99.4053,30.06317,6/10/2026,44,9.7,11.76,6.62,10.35,10.22,17N,,11.811,
KRQUSIB001,QUSIB001,-99.40437,30.06251,6/10/2026,16.8,5.49,6.15,5.05,4.86,6.02,6N,,11.811,
KRQUFU013,QUFU013,-99.4023,30.0625,6/10/2026,36,9.65,12.14,17.23,18.27,13.88,22N,,11.811,
KRQUFU014,QUFU014,-99.4002,30.06481,6/10/2026,12.5,11.97,10.45,7.45,10.45,,7N,,11.811,only 4 drill points because size class was small
KRQULA008,QULA008,-99.39993,30.0652,6/10/2026,29.2,13.02,12.08,13.62,13.21,12.08,6N,,11.811,
KRQUSIB002,QUSIB002,-99.39969,30.0662,6/10/2026,13.6,9.12,7.26,4.91,4.17,,6N,,11.811,
KRQULA010,QULA010,-99.40326,30.06485,6/11/2026,19,14.44,10.84,12.11,13.38,15.81,16N,,11.811,
KRQULA011,QULA011,-99.40356,30.06503,6/11/2026,45,32.42,30.16,16.57,14.95,20.35,216SW,,11.811,
KRQUSIB003,QUSIB003,-99.40335,30.06598,6/11/2026,22,4.83,6.11,4.01,4.14,9.73,227SW,Yes,11.811,
KRQUSIB004,QUSIB004,-99.40343,30.06574,6/11/2026,22.5,7.96,4.76,8.6,7.61,6.78,300NW,,11.811,Slanted tree
KRQUBU2023,QUBU2023,-99.40364,30.06768,6/11/2026,33,9.22,7.04,9.53,8.29,8.89,334NW,Yes,11.811,
KRQUBU2024,QUBU2024,-99.40356,30.06758,6/11/2026,36,11.6,7.27,6.54,9.97,10.98,166S,Yes,11.811,Slanted tree
KRQUBU2025,QUBU2025,-99.40556,30.0711,6/11/2026,22,5.53,8.87,6.46,6.51,7.37,147SE,Yes,11.811,
KRQULA012,QULA012,-99.4056,30.07122,6/11/2026,41,15.99,22.11,18.11,17.02,14.24,233SW,,11.811,
KRQUBU2026,QUBU2026,-99.4075,30.07452,6/11/2026,15,5.6,5.84,4.92,6.52,,31NE,,11.811,
KRQUSIB005,QUSIB005,-99.40812,30.06532,7/10/2026,20.5,8.31,7.2,6.37,6.39,9.98,267W,,11.811,CONFUSED WITH LAXEYI
KRQUSIB007,QUSIB007,-99.4078,30.06867,7/10/2026,13,3.71,6.57,5.49,8.59,,253W,,11.811,
KRQUBU2028,QUBU2028,-99.40764,30.06837,7/10/2026,40.5,17.18,10.61,15.17,13.6,12.34,138SE,,11.811,
KRQULA013,QULA013,-99.40759,30.07032,7/10/2026,28,14.55,11.07,16.7,13.3,12.82,257SW,,11.811,
KRQULA014,QULA014,-99.40758,30.07062,7/10/2026,27.5,17.65,11.02,16.64,9.88,10.6,25NE,,11.811,
KRQULA015,QULA015,-99.41238,30.06967,7/10/2026,18,8.66,9.11,9.92,9.77,10.77,287W,,11.811,
BNDQULA004,QULA004,-99.31592,29.89491,5/24/2026,25.7,7.69,6.1,7.78,9.41,8.63,,,11.811,
BNDQUBU2002,QUBU2002,-99.31653,29.89563,5/24/2026,42,11.39,11.86,11.18,13.84,14.2,,,11.811,
BNDQUBU2003,QUBU2003,-99.31593,29.89718,5/24/2026,38,13.77,8.41,10.05,9.9,13.66,,,11.811,
BNDQULA006,QULA006,-99.31575,29.897,5/24/2026,45,19.09,13.38,14.51,12.89,13.24,,,11.811,
BNDQUBU2004,QUBU2004,-99.31563,29.8972,5/24/2026,35,43.5,12.34,20.33,12.71,17.4,,,11.811,
BNDQUBU2029,QUBU2029,-99.31107,29.89184,7/11/2026,37,7.96,6.34,17.69,14.25,11.67,303NW,,11.811,
BNDQULA016,QULA016,-99.3111,29.89175,7/11/2026,44,15.14,16,14.93,13.97,14.12,236SW,,11.811,
BNDQULA017,QULA017,-99.31231,29.89258,7/11/2026,29,14.17,10.51,10.27,14.3,16.09,2N,,11.811,
BNDQUBU2030,QUBU2030,-99.31258,29.8936,7/11/2026,43.5,14.48,18.13,17.39,17.75,19.83,56NE,,11.811,
BNDQUBU2031,QUBU2031,-99.31265,29.89432,7/11/2026,18.8,4.85,7.2,8.62,7.75,6.65,242SW,,11.811,
BNDQULA018,QULA018,-99.31422,29.89425,7/11/2026,50,14.01,14.63,18.69,18.8,16.02,359N,,11.811,
BNDQULA019,QULA019,-99.31455,29.89453,7/11/2026,33.5,13.4,16.13,13.37,13.86,15.34,357N,,11.811,
BNDQUSIB011,QUSIB011,-99.31561,29.89496,7/11/2026,24,7.3,6.06,6.22,6.15,7.07,123SE,,11.811,
BNDQUBU2038,QUBU2038,-99.31713,29.89656,8/8/2026,48,18.85,18.87,20.8,19.43,16.27,289W,,11.811,
BNDQULA026,QULA026,-99.3179,29.893206,8/8/2026,37,15.14,12.69,15.9,11.63,14.01,202S,,11.811,
BNDQULA027,QULA027,-99.31764,29.893164,8/8/2026,16,7.4,7.88,7.45,9.28,,278W,,11.811,
BNDQULA028,QULA028,-99.31718,29.893183,8/8/2026,19.5,13.94,14.44,13.19,11.71,14.15,120SE,,11.811,
BNDQULA029,QULA029,-99.31691,29.893254,8/8/2026,34,10.67,7.88,6.42,12.51,15.41,233SW,,11.811,
BNDQULA030,QULA030,-99.31686,29.893331,8/8/2026,42,13.45,9.68,11.82,5.96,13.52,207SW,,11.811,
BNDQULA031,QULA031,-99.31756,29.8916,8/8/2026,17,9.8,10.6,9.5,8.15,8.57,52NE,,11.811,
BNDQULA032,QULA032,-99.31729,29.89176,8/8/2026,39,15.89,14.01,12.23,13.94,14.24,347N,,11.811,
BNDQUSIB014,QUSIB014,-99.31724,29.89064,8/8/2026,12.5,6.92,6.45,6.63,7,,272W,,11.811,
BNDQULA033,QULA033,-99.31754,29.89025,8/8/2026,32,13.6,11.57,16.04,12.46,12,270W,,11.811,
KND10QUFU003,QUFU003,-98.82322,29.90272,5/25/2026,31.5,15.29,16.7,15.04,11.97,10.42,,,11.811,
KND10QUBU2005,QUBU2005,-98.82341,29.90231,5/25/2026,27,4.05,8.27,8.55,3.42,6.51,,,11.811,
KND10QUBU2006,QUBU2006,-98.82365,29.90208,5/25/2026,17,6.68,3.23,2.5,3.87,4.46,,,11.811,
KND10QUFU004,QUFU004,-98.82352,29.90258,5/25/2026,21,19.94,22.9,16.63,12.89,17.08,,,11.811,
KND10QUST001,QUST001,-98.82338,29.90345,5/25/2026,25,16.59,15.14,16.79,13.86,13.85,,,11.811,
KND10QUBU2007,QUBU2007,-98.82332,29.90338,5/25/2026,34.5,22.97,25.45,21.92,14.76,13.69,,,11.811,
KND10QUST003,QUST003,-98.82342,29.90407,5/25/2026,14,9.2,8.85,10.42,6.97,,,,11.811,Bended
KND10QUBU2008,QUBU2008,-98.82416,29.90485,5/25/2026,43.5,21.23,23.47,19.27,15.82,16.93,,,11.811,Big and slanted
KND10QUFU007,QUFU007,-98.82415,29.90483,5/25/2026,40,20.85,19.91,21.76,25.55,21.36,,,11.811,
KND10QUFU010,QUFU010,-98.82363,29.90502,6/9/2026,17,10.12,10.58,5.01,13.83,12.16,20NE,,11.811,
KND10QUFU011,QUFU011,-98.82236,29.90477,6/9/2026,47,18.53,16.21,24.68,23.33,16.76,340N,,11.811,
KND10QUBU2014,QUBU2014,-98.82449,29.90301,6/9/2026,21,9.77,5,4.01,5.9,4.89,13N,Yes,11.811,
KND08QUBU2010,QUBU2010,-98.82433,29.90502,5/25/2026,43.5,19.92,15.56,12.15,18.41,12.78,,,11.811,
KND08QUFU008,QUFU008,-98.82433,29.90502,5/25/2026,76,41.11,24.47,39.54,16.31,29.59,,,11.811,
KND08QUBU2017,QUBU2017,-98.66077,30.01135,6/10/2026,11,3.09,4.37,6.33,5.86,,150SE,,11.811,Forked tree
KND08QUBU2018,QUBU2018,-98.66089,30.01133,6/10/2026,32,11.14,9.7,9.12,11.96,16.78,193S,,11.811,
KND08QUFU017,QUFU017,-98.66037,30.01158,6/10/2026,27,15.3,17.61,14.46,15.8,13.92,318NW,,11.811,
KND08QUBU2020,QUBU2020,-98.65981,30.01299,6/10/2026,39.8,10.15,13.62,14.91,9.42,12.49,136SE,,11.811,
KND08QUBU2021,QUBU2021,-98.65977,30.01305,6/10/2026,43,12.96,10.67,16.38,10.61,11.91,105E,,11.811,
KND08QUFU019,QUFU019,-98.66053,30.01269,6/10/2026,41,18.4,10.19,13.55,21.49,10.91,26NE,,11.811,
KND08QUBU2022,QUBU2022,-98.66152,30.01263,6/10/2026,26,9.33,7.59,9.85,10.32,11.44,14N,,11.811,
R16QUFU021,QUFU021,-99.88193,30.062,6/11/2026,33,15.32,16.31,15.74,20.72,12.18,207SW,,11.811,
R16QUFU022,QUFU022,-99.88191,30.0629,6/11/2026,18.5,12.23,15.96,10.59,10,9.61,198S,,11.811,there was only one bur oak in this property so I think it might be planted one
R16QUFU023,QUFU023,-99.88106,30.06347,6/11/2026,27,13.96,18.54,11.22,19.31,14.03,127S,,11.811,
BXRQUFU025,QUFU025,-98.37818,29.62548,6/12/2026,27,17.57,7.25,11.16,7.29,12.93,244SW,,11.811,
BXRQUFU026,QUFU026,-98.37856,29.62671,6/12/2026,27,11.01,24.25,8.79,13.12,6.01,309NW,,11.811,
BXRQUFU027,QUFU027,-98.3786,29.62671,6/12/2026,34,16.32,17.15,15.62,12.8,10.74,310NW,,11.811,
BXRQUFU028,QUFU028,-98.37927,29.62847,6/12/2026,48.5,26.51,23.67,19.23,15.5,22.37,,,11.811,
BXRQUFU029,QUFU029,-98.37937,29.62843,6/12/2026,50.5,19.84,17.81,17.06,20.6,22,284W,,11.811,
MDQUFU030,QUFU030,-99.25088,29.22054,6/12/2026,31.5,17.46,21.45,14.05,18.7,16.33,252W,,11.811,
MDQUFU032,QUFU032,-99.25187,29.21971,6/12/2026,111,29.04,32.3,29.64,35.46,19.77,190S,,11.811,
MDQUFU033,QUFU033,-99.24719,29.21732,6/12/2026,40.5,13.44,12.34,14.47,14.39,13.12,191S,,11.811,
MDQUFU034,QUFU034,-99.24739,29.21721,6/12/2026,39,13.27,13.02,15.32,17.85,15.3,217SW,YES,11.811,
AHQUFU035,QUFU035,-101.03288,33.04805,6/22/2026,11,8.64,9.07,4.15,6.48,,176 S,,11.811,
AHQUFU036,QUFU036,-101.03252,33.04791,6/22/2026,21,10.83,12.23,11.04,10.94,10.59,282 W,,11.811,
AHQUFU037,QUFU037,-101.03374,33.05272,6/22/2026,116.5,31.83,12,31.62,25.91,20.54,269 W,,11.811,
BWQUMA3001,QUMA3001,-99.14549,31.76214,7/3/2026,39,10.1,14.69,12.56,12.91,17.88,350 N,,11.811,
BWQUMA3002,QUMA3002,-99.14552,31.76205,7/3/2026,14,12.27,12.86,11.57,14.6,,356 N,,11.811,
BWQUMA3004,QUMA3004,-99.14604,31.76188,7/3/2026,32,28.36,23.33,22.39,33.48,30.18,344N,,11.811,
BWQUMA3005,QUMA3005,-99.1457,31.76146,7/3/2026,26,21.61,25.52,20.31,24.54,19.83,348N,YES,11.811,
BWQUMA3007,QUMA3007,-99.14439,31.76221,7/3/2026,106,21.78,19.12,23.97,24.74,30.2,2N,,11.811,
BWQUMA3009,QUMA3009,-99.1459,31.76201,7/3/2026,34,28.87,18.69,23.63,21.43,14.94,345N,,11.811,
MLQUFU038,QUFU038,-98.57101,31.53614,7/3/2026,99,19.29,35.93,17.63,37.28,14.94,265W,,11.811,
ABQUFU039,QUFU039,-99.87816,32.23794,7/20/2026,28,18.37,16.75,16.38,19.11,15.96,146SE,Yes,11.811,
ABQUFU040,QUFU040,-99.8779,32.23815,7/20/2026,17,11.68,13.33,11.37,11.93,10.81,138SE,,11.811,
ABQUFU041,QUFU041,-99.87981,32.23581,7/20/2026,35.8,19.75,19.55,20.26,20.73,19.21,278W,,11.811,
ABQUBU2032,QUBU2032,-99.87939,32.23537,7/20/2026,13.8,4.38,2.89,2.16,3.92,,117SE,,11.811,
ABQUBU2033,QUBU2033,-99.88177,32.23605,7/20/2026,25.5,3.98,5.35,5.78,4.28,4.78,128SE,,11.811,
ABQUFU042,QUFU042,-99.88364,32.23565,7/20/2026,17,14.01,6.87,10.55,10.36,9.87,323NW,,11.811,
ABQUFU043,QUFU043,-99.88383,32.23547,7/20/2026,31.2,17.17,14.17,15.29,14.07,16.22,46NE,,11.811,
ABQUST005,QUST005,-99.88215,32.23883,7/20/2026,78,28.49,19.49,30.08,26.52,30.25,301NW,,11.811,
ABQUST006,QUST006,-99.88223,32.23907,7/20/2026,99.5,36.13,37.85,32.96,24.6,28.6,330NW,,11.811,
ABQUBU2039,QUBU2039,-99.88257,32.23294,8/14/2026,22,7.29,8.97,8.39,11.92,9.56,150SE,,11.811,
ABQUBU2040,QUBU2040,-99.88305,32.23292,8/14/2026,45,12,12.38,14.65,16.72,14.53,84E,,11.811,
ABQUST008,QUST008,-99.88333,32.23188,8/14/2026,27,15.83,13.1,11.48,13.73,12.91,257W,,11.811,
ABQUBU2041,QUBU2041,-99.8838,32.23112,8/14/2026,21,7.08,5.86,7.82,6.94,8.14,183S,,11.811,
ABQUBU2042,QUBU2042,-99.88585,32.2314,8/14/2026,25,7.56,9.29,10.14,5.76,12.27,93E,,11.811,
ABQUST009,QUST009,-99.88483,32.23197,8/14/2026,31,24.22,23.19,22.37,17.23,14.69,305NW,,11.811,
ABQUST010,QUST010,-99.88467,32.23233,8/14/2026,19,15.46,12.32,12.54,18.03,14.02,128SE,,11.811,
ABQUST011,QUST011,-99.87873,32.24082,8/14/2026,69.5,17.41,42.9,40.37,30,34.16,239SW,,11.811,
ABQUST012,QUST012,-99.87877,32.24072,8/14/2026,37,19.81,17.51,20.6,23.27,19.85,298NW,,11.811,
ABQUST013,QUST013,-99.87936,32.24166,8/14/2026,48.2,22.96,43.27,38.65,34.42,30.59,72E,,11.811,three trunks from single root
ABQUST014,QUST014,-99.87939,32.24171,8/14/2026,30.5,21.24,15.65,14.79,27.43,23.85,250W,,11.811,
ABQUFU048,QUFU048,-99.89535,32.2327,8/14/2026,54,29.91,26.5,21.51,25.54,29.03,121SE,,11.811,three trunks from single root
ABQUFU049,QUFU049,-99.89527,32.23344,8/14/2026,24.5,11.2,9.84,10.64,10.82,10.39,250W,,11.811,
ABQUST015,QUST015,-99.89557,32.23254,8/14/2026,32,14.09,11.26,14.1,14.99,15.68,187S,,11.811,
BDQULA020,QULA020,-98.85541,29.6617,8/8/2026,27.2,12.56,19.22,14.28,11.29,17.16,91E,,11.811,
BDQULA021,QULA021,-98.85503,29.66271,8/8/2026,39,13.53,18.32,19.88,20.09,13.99,95E,,11.811,
BDQULA022,QULA022,-98.85265,29.66348,8/8/2026,14,7.98,5.34,7.6,10.65,,173S,,11.811,
BDQULA023,QULA023,-98.85254,29.66352,8/8/2026,35,17.8,17.86,16.7,13.71,15.07,132SE,,11.811,
BDQUFU044,QUFU044,-98.85308,29.66195,8/8/2026,15,10.79,9.96,12.33,10.22,,90E,,11.811,two trunks from single root
BDQUFU045,QUFU045,-98.85294,29.66201,8/8/2026,33,15.16,23.91,15.65,17.6,19.14,42NE,,11.811,
BDQULA024,QULA024,-98.849157,29.66244,8/8/2026,20,10.14,9.53,7.77,12.41,12.31,230SW,,11.811,
BDQULA025,QULA025,-98.8493,29.662302,8/8/2026,36.9,18.49,13.05,14.26,13.15,14.86,315NW,,11.811,
UVQUFU047,QUFU047,-99.9225,29.52084,8/8/2026,11,10.64,9.83,8.15,6.88,,262W,,11.811,
RQULA034,QULA034,-99.972526,29.916814,8/9/2026,20,14.61,12.61,14.14,12.13,12.35,142SE,,11.811,
RQULA035,QULA035,-99.972135,29.917532,8/9/2026,19,15.76,10.06,8.23,10.33,6.57,99E,,11.811,
RQULA036,QULA036,-99.973271,29.916719,8/9/2026,57,21.65,20.53,18.42,21.34,23.63,159S,has lots of knots,11.811,
RQULA037,QULA037,-99.97321,29.916654,8/9/2026,40,17.01,16.04,14.54,19.46,17.57,170S,Lignotubers,11.811,
BRQUST016,QUST016,99.02856,31.855,8/29/2026,31.5,29.23,31.9,24.71,21.86,26.64,220SW,,11.811,
BRQUST017,QUST017,99.02873,31.8549,8/29/2026,37,38.91,25.42,38.88,31.31,24.09,282W,,11.811,
BRQUST018,QUST018,99.02839,31.85456,8/29/2026,40.5,31.85,25.86,30.26,29.29,28.52,221SW,,11.811,
BRQUST020,QUST020,99.02746,31.85364,8/29/2026,18.45,18.71,16.84,15.52,18.04,,,,11.811,
BRQUST021,QUST021,99.0209,31.85525,8/29/2026,19,24.38,25.97,19.33,21.96,,253W,,11.811,
BRQUST023,QUST023,99.02225,31.85542,8/29/2026,20,15.38,19.31,36.61,16.74,,135SE,,11.811,
